page0,ev01_a01,ev01_a02,ev01_a03,ev01_a04,ev01_a05,ev01_a06,ev01_a07,ev01_a08,ev01_a09,ev01_a10,ev01_a11,ev01_a12,ev01_a13,ev01_a14,ev01_a15,ev01_a16,ev01_a17,ev01_a18,ev01_a19,ev01_b01,,,,,,,,,,,,,,,,,,,,,,,,,,,,,,,,,,,,,,,,,,,,,,,,,,,,,,,,,,,,,,,,,,
page0,ev02_a1,ev02_a2,ev02_a3,ev02_a4,ev02_a5,ev02_a6,ev02_a9,ev02_a10,ev02_a11,ev02_b1,ev02_b2,ev02_b3,ev02_b4,ev02_b5,ev02_c1,ev02_c2,ev02_c3,ev02_c4,ev02_c6,ev02_c7,ev02_d1,ev02_d2,ev02_d3,,,,,,,,,,,,,,,,,,,,,,,,,,,,,,,,,,,,,,,,,,,,,,,,,,,,,,,,,,,,,,,
page0,ev03_a1,ev03_a2,ev03_a3,ev03_a4,ev03_a5,ev03_a6,ev03_a7,ev03_a8,ev03_a9,ev03_a10,ev03_a11,ev03_a12,ev03_a13,ev03_a14,ev03_a15,ev03_a16,ev03_a17,ev03_a18,ev03_a19,,,,,,,,,,,,,,,,,,,,,,,,,,,,,,,,,,,,,,,,,,,,,,,,,,,,,,,,,,,,,,,,,,,
page0,hcg_wz01,hcg_wz02,hcg_wz03,,,,,,,,,,,,,,,,,,,,,,,,,,,,,,,,,,,,,,,,,,,,,,,,,,,,,,,,,,,,,,,,,,,,,,,,,,,,,,,,,,,
page0,ev04_a1,ev04_a2,ev04_a3,ev04_a4,ev04_a5,ev04_a6,ev04_a7,,,,,,,,,,,,,,,,,,,,,,,,,,,,,,,,,,,,,,,,,,,,,,,,,,,,,,,,,,,,,,,,,,,,,,,,,,,,,,,
page0,ev05_a1_1,ev05_a1_2,ev05_a1_3,ev05_a2_1,ev05_a2_2,ev05_a3_1,ev05_a3_2,ev05_a3_3,ev05_a3_4,ev05_a3_5,ev05_b1_1,ev05_b1_10,ev05_b1_11,ev05_b1_13,ev05_b1_14,ev05_b1_15,ev05_b1_16,ev05_b1_17,ev05_b1_18,ev05_b1_19,ev05_b1_2,ev05_b1_20,ev05_b1_3,ev05_b1_4,ev05_b1_5,ev05_b1_6,ev05_b1_7,ev05_b1_8,ev05_b1_9,,,,,,,,,,,,,,,,,,,,,,,,,,,,,,,,,,,,,,,,,,,,,,,,,,,,,,,,,
page0,ev06_a_01,ev06_a_02,ev06_a_03,ev06_a_04,ev06_a_05,ev06_a_06,ev06_a_07,ev06_a_08,ev06_a_09,ev06_a_10,ev06_a_11,ev06_a_12,ev06_a_13,ev06_a_14,ev06_a_15,ev06_a_16,ev06_a_17,ev06_a_18,ev06_a_19,ev06_a_20,ev06_a_21,ev06_a_22,ev06_a_23,ev06_a_24,ev06_a_25,ev06_a_26,ev06_b_01,ev06_b_02,ev06_b_03,ev06_b_04,ev06_b_05,ev06_b_06,ev06_b_07,ev06_b_08,ev06_b_09,ev06_b_10,ev06_b_11,ev06_b_12,ev06_b_13,ev06_b_14,ev06_b_15,ev06_b_16,ev06_b_17,ev06_b_19,ev06_b_25,ev06_b_26,ev06_b_27,ev06_b_28,ev06_b_29,ev06_b_30,ev06_b_31,ev06_b_32,ev06_b_33,ev06_b_34,ev06_b_35,ev06_b_36,ev06_b_37,ev06_b_38,ev06_b_39,ev06_b_40,ev06_b_41,ev06_b_42,ev06_b_43,ev06_b_44,ev06_b_45,ev06_b_46,ev06_c_01,ev06_c_02,ev06_c_03,ev06_c_04,ev06_c_05,ev06_c_06,ev06_c_07,ev06_c_08,ev06_c_09,ev06_c_10,ev06_c_11,ev06_c_12,ev06_c_13,ev06_c_14,ev06_c_15,ev06_c_16,ev06_c_17,ev06_c_18,ev06_c_19,ev06_c_20
page0,ev07_a1,ev07_a2,ev07_a3,ev07_a4,ev07_a5,ev07_a6,ev07_a7,ev07_a8,ev07_a9,ev07_a10,ev07_a12,ev07_a13,ev07_a14,ev07_a15,ev07_b1,ev07_b2,ev07_b3,ev07_b4,ev07_b5,ev07_b6,,,,,,,,,,,,,,,,,,,,,,,,,,,,,,,,,,,,,,,,,,,,,,,,,,,,,,,,,,,,,,,,,,
page0,ev33_a1,ev33_a10,ev33_a11,ev33_a12,ev33_a13,ev33_a14,ev33_a2,ev33_a3,ev33_a4,ev33_a5,ev33_a6,ev33_a7,ev33_a8,ev33_a9,,,,,,,,,,,,,,,,,,,,,,,,,,,,,,,,,,,,,,,,,,,,,,,,,,,,,,,,,,,,,,,,,,,,,,,,
page1,ev08_a_cg01,ev08_a_cg02,ev08_a_cg03,ev08_a_cg04,ev08_a_cg05,ev08_a_cg06,ev08_a_cg07,ev08_a_cg08,ev08_a_cg10,ev08_a_cg11,ev08_a_wz02,ev08_a_wz03,ev08_a_wz04,ev08_a_wz11,ev08_a_wz12,ev08_a_wz13,ev08_a_wz14,ev08_a_wz15,ev08_a_wz16,ev08_a_wz17,ev08_a_wz18,ev08_a_wz19,ev08_a_wz21,ev08_a_wz23,ev08_b_cg01,ev08_b_cg02,ev08_b_cg03,ev08_b_cg04,ev08_b_cg05,ev08_b_wz01,ev08_b_wz02,ev08_b_wz03,ev08_b_wz04,ev08_b_wz05,ev08_b_wz06,ev08_b_wz07,ev08_b_wz09,ev08_c1,ev08_c_cg01,ev08_c_wz01,ev08_sky,ev08_d1
page1,ev09_a1,ev09_a2,ev09_a3,ev09_a4,ev09_a5,ev09_a6,ev09_a7,ev09_a8,ev09_a9,ev09_a10,ev09_a11,ev09_b1,ev09_b2,ev09_b3,ev09_b4,ev09_c1,ev09_c2,ev09_c3,ev09_c4,ev09_c5,ev09_c6,ev09_c7,ev09_c8,ev09_c9,ev09_c10,hev09_a1,hev09_a2,hev09_a3,hev09_a4,hev09_a5,,,,,,,,,,,,,,,,,,,,,,,,,,,,,,,,,,,,,,,,,,,,,,,,,,,,,,,,
page1,ev10_a1,ev10_a2,ev10_a3,ev10_a4,ev10_a5,ev10_a6,ev10_a7,ev10_a8,ev10_a9,ev10_a10,ev10_a11,ev10_a12,ev10_a13,ev10_a14,ev10_a15,ev10_a16,,ev10_a18,ev10_a19,ev10_a20,ev10_a21,ev10_a22,ev10_a23,ev10_a24,ev10_a25,ev10_a26,ev10_a27,ev10_b1,ev10_b2,ev10_b3,ev10_b4,ev10_c01,ev10_d01,ev10_d02,ev10_d03,ev10_e01,ev10_e02,ev10_e03,ev10_e04,ev10_e05,ev10_e06,ev10_e07
page1,ev11_a1,ev11_a3,ev11_b1,ev11_c1,,,,,,,,,,,,,,,,,,,,,,,,,,,,,,,,,,,,,,,,,,,,,,,,,,,,,,,,,,,,,,,,,,,,,,,,,,,,,,,,,,
page1,ev12_a1,ev12_a2,ev12_a3,ev12_a4,ev12_b1,ev12_b2,ev12_b3,ev12_b4,ev12_c1,ev12_c2,ev12_c4,ev12_c5,ev12_c6,ev12_c7,ev12_c8,ev12_c9,ev12_d1,ev12_d2,ev12_d3,ev12_d4,,,,,,,,,,,,,,,,,,,,,,,,,,,,,,,,,,,,,,,,,,,,,,,,,,,,,,,,,,,,,,,,,,
page1,ev13_a1,ev13_a2,ev13_a3,ev13_b1,ev13_b2,ev13_b3,ev13_b4,ev13_b5,ev13_b6,ev13_b7,ev13_c1,EV13_d2,,,,,,,,,,,,,,,,,,,,,,,,,,,,,,,,,,,,,,,,,,,,,,,,,,,,,,,,,,,,,,,,,,,,,,,,,,
page1,ev14_a1,ev14_a2,ev14_a3,ev14_a4,ev14_a5,ev14_a6,,,,,,,,,,,,,,,,,,,,,,,,,,,,,,,,,,,,,,,,,,,,,,,,,,,,,,,,,,,,,,,,,,,,,,,,,,,,,,,,
page1,ev15_a10,ev15_a11,ev15_a12,ev15_a3,ev15_a4,ev15_a5,ev15_a6,ev15_a7,ev15_a8,ev15_a9,ev15_b1,ev15_b2,,,,,,,,,,,,,,,,,,,,,,,,,,,,,,,,,,,,,,,,,,,,,,,,,,,,,,,,,,,,,,,,,,,,,,,,,,
page1,ev16_a2,,,,,,,,,,,,,,,,,,,,,,,,,,,,,,,,,,,,,,,,,,,,,,,,,,,,,,,,,,,,,,,,,,,,,,,,,,,,,,,,,,,,,
page2,ev17_a1,ev17_b2,ev17_b1,,,,,,,,,,,,,,,,,,,,,,,,,,,,,,,,,,,,,,,,,,,,,,,,,,,,,,,,,,,,,,,,,,,,,,,,,,,,,,,,,,,
page2,ev18_a1,ev18_b1,ev18_b2,ev18_c1,ev18_d1,ev18_tx_mxj01,ev18_tx_mxj02,ev18_tx_mxj03,ev18_tx_mxj04,ev18_tx_mxj05,ev18_tx_mxj06,ev18_tx_mxj07,ev18_tx_wz01,ev18_tx_wz02,ev18_tx_wz03,ev18_tx_wz04,ev18_tx_wz05,ev18_tx_wz06,ev18_tx_wz07,ev18_tx_wz08,ev18_tx_wz09,ev18_tx_wz10,ev18_tx_wz11,,,,,,,,,,,,,,,,,,,,,,,,,,,,,,,,,,,,,,,,,,,,,,,,,,,,,,,,,,,,,,,
page2,ev34_a1,ev34_a2,ev34_a3,ev34_a4,ev34_a5,ev34_a6,ev34_b1,ev34_b2,ev34_b3,ev34_b4,ev34_b5,ev34_b6,ev34_b7,ev34_b8,ev34_c1,ev34_c2,ev34_c3,ev34_d1,ev34_d2,ev34_d3,,,,,,,,,,,,,,,,,,,,,,,,,,,,,,,,,,,,,,,,,,,,,,,,,,,,,,,,,,,,,,,,,,
page2,ev19_a1,ev19_a2,ev19_a3,,,,,,,,,,,,,,,,,,,,,,,,,,,,,,,,,,,,,,,,,,,,,,,,,,,,,,,,,,,,,,,,,,,,,,,,,,,,,,,,,,,
page2,ev20_a01,ev20_a02,ev20_a03,ev20_a04,ev20_a05,ev20_a06,ev20_a07,ev20_a08,ev20_a09,ev20_a10,ev20_a11,ev20_b01,ev20_b02,ev20_b03,ev20_b04,,,,,,,,,,,,,,,,,,,,,,,,,,,,,,,,,,,,,,,,,,,,,,,,,,,,,,,,,,,,,,,,,,,,,,,
page2,ev21_a01,ev21_a02,ev21_a03,ev21_a04,ev21_a05,ev21_a06,ev21_a07,ev21_a08,,,,,,,,,,,,,,,,,,,,,,,,,,,,,,,,,,,,,,,,,,,,,,,,,,,,,,,,,,,,,,,,,,,,,,,,,,,,,,
page2,ev22_a1,ev22_a2,ev22_a3,ev22_a4,ev22_a5,ev22_b1,ev22_b2,,,,,,,,,,,,,,,,,,,,,,,,,,,,,,,,,,,,,,,,,,,,,,,,,,,,,,,,,,,,,,,,,,,,,,,,,,,,,,,
page2,ev35_a01,ev35_a02,ev35_a03,ev35_a04,ev35_a05,ev35_a06,ev35_a07,ev35_a08,ev35_a09,ev35_a10,ev35_a11,ev35_a12,ev35_a13,ev35_a14,ev35_a15,ev35_a16,ev35_a17,ev35_b01,,,,,,,,,,,,,,,,,,,,,,,,,,,,,,,,,,,,,,,,,,,,,,,,,,,,,,,,,,,,,,,,,,,,
page2,ev24_b1,ev24_c1,ev24_c2,ev24_c3,ev24_d1,ev24_d2,ev24_d3,ev24_d4,ev24_d5,ev24_d6,ev24_d7,ev24_d8,ev24_d9,ev24_d10,ev24_d11,ev24_d12,ev24_d13,ev24_d14,ev24_d15,ev24_d16,ev24_d17,ev24_d18,ev24_d19,ev24_d20,ev24_d21,ev24_d22,ev24_d23,,,,,,,,,,,,,,,,,,,,,,,,,,,,,,,,,,,,,,,,,,,,,,,,,,,,,,,,,,,
page3,ev25_a1_l,ev25_a2_l,ev25_a3_l,ev25_a4_l,,,,,,,,,,,,,,,,,,,,,,,,,,,,,,,,,,,,,,,,,,,,,,,,,,,,,,,,,,,,,,,,,,,,,,,,,,,,,,,,,,
page3,ev26_a1,ev26_a2,,,,,,,,,,,,,,,,,,,,,,,,,,,,,,,,,,,,,,,,,,,,,,,,,,,,,,,,,,,,,,,,,,,,,,,,,,,,,,,,,,,,
page3,ev27_a1,,,,,,,,,,,,,,,,,,,,,,,,,,,,,,,,,,,,,,,,,,,,,,,,,,,,,,,,,,,,,,,,,,,,,,,,,,,,,,,,,,,,,
page3,ev36_a01,ev36_a02,ev36_a03,ev36_a04,ev36_a05,ev36_a06,ev36_a07,ev36_a08,ev36_a09,ev36_a10,ev36_a11,ev36_a12,ev36_a13,ev36_a14,ev36_a15,ev36_a16,ev36_a17,ev36_a18,ev36_a19,ev36_a20,ev36_a21,ev36_a22
page3,EV28_a1,,,,,,,,,,,,,,,,,,,,,,,,,,,,,,,,,,,,,,,,,,,,,,,,,,,,,,,,,,,,,,,,,,,,,,,,,,,,,,,,,,,,,
page3,EV41_a01,ev41_a01,ev41_a02,ev41_a03,ev41_a04,ev41_a05,ev41_a06,ev41_a07,ev41_a08,ev41_a09,ev41_a10
page3,ev29_a01,ev29_a02,ev29_a03,ev29_a04,ev29_a05,ev29_a06,ev29_a07,ev29_a08,ev29_a09,ev29_a10,ev29_a11,ev29_a12,ev29_a13,ev29_a14,ev29_a15,ev29_a16,ev29_a17,ev29_a18,ev29_a19,ev29_a20,ev29_a21,ev29_a22,ev29_a23,ev29_a24,ev29_a25,ev29_a26,ev29_a27,ev29_a28,ev29_a29,ev29_a30,ev29_a31,ev29_a32
page3,ev30_a1,ev30_a2,ev30_a3,ev30_a4
page3,EV42_a1,EV42_b1,,,,,,,,,,,,,,,,,,,,,,,,,,,,,,,,,,,,,,,,,,,,,,,,,,,,,,,,,,,,,,,,,,,,,,,,,,,,,,,,,,,,
page4,EV37_a1,,,,,,,,,,,,,,,,,,,,,,,,,,,,,,,,,,,,,,,,,,,,,,,,,,,,,,,,,,,,,,,,,,,,,,,,,,,,,,,,,,,,,
page4,EV31_a1,,,,,,,,,,,,,,,,,,,,,,,,,,,,,,,,,,,,,,,,,,,,,,,,,,,,,,,,,,,,,,,,,,,,,,,,,,,,,,,,,,,,,
page4,EV38_a1,,,,,,,,,,,,,,,,,,,,,,,,,,,,,,,,,,,,,,,,,,,,,,,,,,,,,,,,,,,,,,,,,,,,,,,,,,,,,,,,,,,,,
page4,EV32_a01,EV32_a02,EV32_a03,,EV32_a04,EV32_a05,EV32_a06,EV32_a07,EV32_a08,EV32_a09,EV32_a10,EV32_a11,EV32_a12
page4,SPBG019_1,,,,,,,,,,,,,,,,,,,,,,,,,,,,,,,,,,,,,,,,,,,,,,,,,,,,,,,,,,,,,,,,,,,,,,,,,,,,,,,,,,,,,
page4,SPBG019_2,,,,,,,,,,,,,,,,,,,,,,,,,,,,,,,,,,,,,,,,,,,,,,,,,,,,,,,,,,,,,,,,,,,,,,,,,,,,,,,,,,,,,
page4,SPBG019_3,SPBG019_4,,,,,,,,,,,,,,,,,,,,,,,,,,,,,,,,,,,,,,,,,,,,,,,,,,,,,,,,,,,,,,,,,,,,,,,,,,,,,,,,,,,,
page4,SPBG019_5,,,,,,,,,,,,,,,,,,,,,,,,,,,,,,,,,,,,,,,,,,,,,,,,,,,,,,,,,,,,,,,,,,,,,,,,,,,,,,,,,,,,,
page4,SPBG020_a,,,,,,,,,,,,,,,,,,,,,,,,,,,,,,,,,,,,,,,,,,,,,,,,,,,,,,,,,,,,,,,,,,,,,,,,,,,,,,,,,,,,,
page5,SPBG020_b,,,,,,,,,,,,,,,,,,,,,,,,,,,,,,,,,,,,,,,,,,,,,,,,,,,,,,,,,,,,,,,,,,,,,,,,,,,,,,,,,,,,,
page5,SPBG020_c,,,,,,,,,,,,,,,,,,,,,,,,,,,,,,,,,,,,,,,,,,,,,,,,,,,,,,,,,,,,,,,,,,,,,,,,,,,,,,,,,,,,,
page5,SPBG020_d,,,,,,,,,,,,,,,,,,,,,,,,,,,,,,,,,,,,,,,,,,,,,,,,,,,,,,,,,,,,,,,,,,,,,,,,,,,,,,,,,,,,,
page5,ED1,,,,,,,,,,,,,,,,,,,,,,,,,,,,,,,,,,,,,,,,,,,,,,,,,,,,,,,,,,,,,,,,,,,,,,,,,,,,,,,,,,,,,
page5,ED2,ED3,ED4,,,,,,,,,,,,,,,,,,,,,,,,,,,,,,,,,,,,,,,,,,,,,,,,,,,,,,,,,,,,,,,,,,,,,,,,,,,,,,,,,,,
page5,ED3-1,ED3-2,ED3-3,ED3-4,ED3-5,ED3-6,ED3-7,ED3-8,ED3-9,ED3-10,,,,,,,,,,,,,,,,,,,,,,,,,,,,,,,,,,,,,,,,,,,,,,,,,,,,,,,,,,,,,,,,,,,,,,,,,,,,
page5,spcg12,,,,,,,,,,,,,,,,,,,,,,,,,,,,,,,,,,,,,,,,,,,,,,,,,,,,,,,,,,,,,,,,,,,,,,,,,,,,,,,,,,,,,
page5,spcg13,,,,,,,,,,,,,,,,,,,,,,,,,,,,,,,,,,,,,,,,,,,,,,,,,,,,,,,,,,,,,,,,,,,,,,,,,,,,,,,,,,,,,
page5,spcg14,,,,,,,,,,,,,,,,,,,,,,,,,,,,,,,,,,,,,,,,,,,,,,,,,,,,,,,,,,,,,,,,,,,,,,,,,,,,,,,,,,,,,
page6,spcg15,,,,,,,,,,,,,,,,,,,,,,,,,,,,,,,,,,,,,,,,,,,,,,,,,,,,,,,,,,,,,,,,,,,,,,,,,,,,,,,,,,,,,
page6,spcg17_ab,,,,,,,,,,,,,,,,,,,,,,,,,,,,,,,,,,,,,,,,,,,,,,,,,,,,,,,,,,,,,,,,,,,,,,,,,,,,,,,,,,,,,
page6,spcg16_a,spcg16_b,,,,,,,,,,,,,,,,,,,,,,,,,,,,,,,,,,,,,,,,,,,,,,,,,,,,,,,,,,,,,,,,,,,,,,,,,,,,,,,,,,,,
page6,spcg18_a,,,,,,,,,,,,,,,,,,,,,,,,,,,,,,,,,,,,,,,,,,,,,,,,,,,,,,,,,,,,,,,,,,,,,,,,,,,,,,,,,,,,,
page6,spcg19_a,,,,,,,,,,,,,,,,,,,,,,,,,,,,,,,,,,,,,,,,,,,,,,,,,,,,,,,,,,,,,,,,,,,,,,,,,,,,,,,,,,,,,
page6,spcg004_am_b,spcg004_n1,spcg004_n2,spcg_draw_1-1,spcg_draw_1-2,spcg_draw_2-1,spcg_draw_2-2,spcg_draw_3-1,spcg_draw_3-2,BG004_am1_1,BG004_am1_2,,,,,,,,,,,,,,,,,,,,,,,,,,,,,,,,,,,,,,,,,,,,,,,,,,,,,,,,,,,,,,,,,,,,,,,,,,,
page6,spcg_ggl,spcg-gonggao-xx,spcg_ggl_yd,spcg_ggl_yd_pml,,,,,,,,,,,,,,,,,,,,,,,,,,,,,,,,,,,,,,,,,,,,,,,,,,,,,,,,,,,,,,,,,,,,,,,,,,,,,,,,,,
page6,spcg014,,,,,,,,,,,,,,,,,,,,,,,,,,,,,,,,,,,,,,,,,,,,,,,,,,,,,,,,,,,,,,,,,,,,,,,,,,,,,,,,,,,,,
page6,spcg013,,,,,,,,,,,,,,,,,,,,,,,,,,,,,,,,,,,,,,,,,,,,,,,,,,,,,,,,,,,,,,,,,,,,,,,,,,,,,,,,,,,,,
page7,spcg002_01,spcg002_02,spcg002_03,,,,,,,,,,,,,,,,,,,,,,,,,,,,,,,,,,,,,,,,,,,,,,,,,,,,,,,,,,,,,,,,,,,,,,,,,,,,,,,,,,,
page7,spcg005_sjy,,,,,,,,,,,,,,,,,,,,,,,,,,,,,,,,,,,,,,,,,,,,,,,,,,,,,,,,,,,,,,,,,,,,,,,,,,,,,,,,,,,,,
page7,SPBG015,SPBG015_pm,SPBG015_tr,,,,,,,,,,,,,,,,,,,,,,,,,,,,,,,,,,,,,,,,,,,,,,,,,,,,,,,,,,,,,,,,,,,,,,,,,,,,,,,,,,,
page7,SPBG017_a,SPBG017_a_s
page7,SPBG007,,,,,,,,,,,,,,,,,,,,,,,,,,,,,,,,,,,,,,,,,,,,,,,,,,,,,,,,,,,,,,,,,,,,,,,,,,,,,,,,,,,,,
page7,SPBG016_a,SPBG016_b,SPBG016_c,SPBG016_d
page7,SPBG018_a,,,,,,,,,,,,,,,,,,,,,,,,,,,,,,,,,,,,,,,,,,,,,,,,,,,,,,,,,,,,,,,,,,,,,,,,,,,,,,,,,,,,,
page8,spcg001_1,spcg001_2,spcg001_3,spcg001_4,spcg001_5,spcg001_6,spcg001_7,spcg001_8,,,,,,,,,,,,,,,,,,,,,,,,,,,,,,,,,,,,,,,,,,,,,,,,,,,,,,,,,,,,,,,,,,,,,,,,,,,,,,
page8,spcg002_1,spcg002_2,spcg002_3,spcg002_4,,,,,,,,,,,,,,,,,,,,,,,,,,,,,,,,,,,,,,,,,,,,,,,,,,,,,,,,,,,,,,,,,,,,,,,,,,,,,,,,,,
page8,spcg004_1,spcg004_3,spcg004_4,spcg004_5,spcg004_6,spcg004_7,spcg004_8,spcg004_9,spcg004_10,spcg004_12,,,,,,,,,,,,,,,,,,,,,,,,,,,,,,,,,,,,,,,,,,,,,,,,,,,,,,,,,,,,,,,,,,,,,,,,,,,,
page8,spcg005_1,spcg005_3,spcg005_4,spcg005_6,,,,,,,,,,,,,,,,,,,,,,,,,,,,,,,,,,,,,,,,,,,,,,,,,,,,,,,,,,,,,,,,,,,,,,,,,,,,,,,,,,
page8,spcg006_1,spcg006_2,spcg006_3,spcg006_4,spcg006_5,spcg006_6,,,,,,,,,,,,,,,,,,,,,,,,,,,,,,,,,,,,,,,,,,,,,,,,,,,,,,,,,,,,,,,,,,,,,,,,,,,,,,,,
page8,spcg007_1,spcg007_2,spcg007_3,spcg007_4,spcg007_5,,,,,,,,,,,,,,,,,,,,,,,,,,,,,,,,,,,,,,,,,,,,,,,,,,,,,,,,,,,,,,,,,,,,,,,,,,,,,,,,,
page8,spcg008_2,spcg008_3,spcg008_4,spcg008_5,spcg008_6,spcg008_7,,,,,,,,,,,,,,,,,,,,,,,,,,,,,,,,,,,,,,,,,,,,,,,,,,,,,,,,,,,,,,,,,,,,,,,,,,,,,,,,
page8,spcg012_1,spcg012_2,spcg012_3,spcg012_4,spcg012_5,spcg012_6,spcg012_7,spcg012_8,spcg012_9,spcg012_10,,,,,,,,,,,,,,,,,,,,,,,,,,,,,,,,,,,,,,,,,,,,,,,,,,,,,,,,,,,,,,,,,,,,,,,,,,,,
page8,spcg011_1,spcg011_2,spcg011_3,spcg011_4,spcg011_5,,,,,,,,,,,,,,,,,,,,,,,,,,,,,,,,,,,,,,,,,,,,,,,,,,,,,,,,,,,,,,,,,,,,,,,,,,,,,,,,,
page9,spcg013_1,spcg013_2,spcg013_3,spcg013_4,spcg013_5,spcg013_6,spcg013_7,spcg013_8,spcg013_9,spcg013_10,spcg013_11,spcg013_12,spcg013_13,spcg013_14,spcg013_15,spcg013_16,,,,,,,,,,,,,,,,,,,,,,,,,,,,,,,,,,,,,,,,,,,,,,,,,,,,,,,,,,,,,,,,,,,,,,
page9,animate_cg01,,,,,,,,,,,,,,,,,,,,,,,,,,,,,,,,,,,,,,,,,,,,,,,,,,,,,,,,,,,,,,,,,,,,,,,,,,,,,,,,,,,,,
page9,animate_cg02,,,,,,,,,,,,,,,,,,,,,,,,,,,,,,,,,,,,,,,,,,,,,,,,,,,,,,,,,,,,,,,,,,,,,,,,,,,,,,,,,,,,,
